trial,accuracy
0,0.7288135593220338
1,0.7220338983050848
2,0.7220338983050848
3,0.7220338983050848
4,0.7322033898305085
5,0.7152542372881356
6,0.7728813559322034
7,0.7389830508474576
8,0.7389830508474576
9,0.7457627118644068
